neighborhood,Station_Name,latitude,longitude
Astoria,46th St,40.755813,-73.912642
Astoria,46th St,40.756029,-73.91218
Astoria,Steinway St,40.756583,-73.92110799999999
Astoria,46th St,40.756624,-73.914407
Astoria,Steinway St,40.756673,-73.920622
Astoria,46th St,40.756868,-73.914303
Astoria,Steinway St,40.758143,-73.919842
Astoria,Steinway St,40.758278999999995,-73.919433
Astoria,Broadway,40.761773,-73.925399
Astoria,Broadway,40.762217,-73.925349
Astoria,30 Av-Grand Av,40.7667,-73.921406
Astoria,30 Av-Grand Av,40.766787,-73.92162900000001
Astoria,30 Av-Grand Av,40.766963,-73.921192
Astoria,30 Av-Grand Av,40.767052,-73.921409
Astoria,Astoria Blvd-Hoyt Av,40.77017,-73.917755
Astoria,Astoria Blvd-Hoyt Av,40.770313,-73.917978
Bedford-Stuyvesant,Rockaway Av,40.678017,-73.910661
Bedford-Stuyvesant,Rockaway Av,40.678142,-73.910875
Bedford-Stuyvesant,Rockaway Av,40.678317,-73.913651
Bedford-Stuyvesant,Rockaway Av,40.67846,-73.91097099999999
Bedford-Stuyvesant,Rockaway Av,40.678513,-73.91077299999999
Bedford-Stuyvesant,Rockaway Av,40.678594,-73.913732
Bedford-Stuyvesant,Ralph Av,40.678702,-73.921552
Bedford-Stuyvesant,Ralph Av,40.678984,-73.921442
Bedford-Stuyvesant,Ralph Av,40.679164,-73.92187
Bedford-Stuyvesant,Chauncey St,40.683313,-73.911334
Bedford-Stuyvesant,Halsey St,40.685846999999995,-73.915807
Bedford-Stuyvesant,Gates Av,40.69003,-73.923161
Bedford-Stuyvesant,Utica Av,40.679095000000004,-73.930044
Bedford-Stuyvesant,Utica Av,40.679346,-73.931987
Bedford-Stuyvesant,Utica Av,40.679487,-73.929725
Bedford-Stuyvesant,Utica Av,40.67953,-73.93202099999999
Bedford-Stuyvesant,Kingston-Throop,40.679728000000004,-73.941362
Bedford-Stuyvesant,Kingston-Throop,40.679804,-73.941119
Bedford-Stuyvesant,Kingston-Throop,40.680009999999996,-73.940247
Bedford-Stuyvesant,Kingston-Throop,40.680057,-73.940483
Bedford-Stuyvesant,Nostrand Av,40.680228,-73.949414
Bedford-Stuyvesant,Nostrand Av,40.680262,-73.949635
Bedford-Stuyvesant,Nostrand Av,40.680547,-73.949515
Bedford-Stuyvesant,Nostrand Av,40.680572,-73.949753
Bedford-Stuyvesant,Franklin Av,40.681051000000004,-73.95584000000001
Bedford-Stuyvesant,Franklin Av,40.681256,-73.95559
Bedford-Stuyvesant,Classon Av,40.688781,-73.95987099999999
Bedford-Stuyvesant,Bedford-Nostrand Avs,40.68933,-73.955318
Bedford-Stuyvesant,Bedford-Nostrand Avs,40.689367,-73.954957
Bedford-Stuyvesant,Bedford-Nostrand Avs,40.6895,-73.955353
Bedford-Stuyvesant,Bedford-Nostrand Avs,40.689543,-73.954998
Bedford-Stuyvesant,Bedford-Nostrand Avs,40.689757,-73.951612
Bedford-Stuyvesant,Bedford-Nostrand Avs,40.689995,-73.951616
Bedford-Stuyvesant,Kosciusko St,40.69293,-73.92825699999999
Bedford-Stuyvesant,Myrtle-Willoughby Avs,40.695436,-73.94948000000001
Bedford-Stuyvesant,Myrtle-Willoughby Avs,40.6955,-73.94896
Bedford-Stuyvesant,Myrtle Av,40.696892999999996,-73.935461
Bedford-Stuyvesant,Myrtle Av,40.696987,-73.935559
Bedford-Stuyvesant,Flushing Av,40.699582,-73.950164
Bedford-Stuyvesant,Flushing Av,40.700629,-73.94199499999999
Bedford-Stuyvesant,Flushing Av,40.700634,-73.942173
Boerum Hill,Pacific St,40.683904999999996,-73.978879
Boerum Hill,Hoyt & Schermerhorn,40.688396000000004,-73.984216
Boerum Hill,Hoyt & Schermerhorn,40.689085,-73.985941
Boerum Hill,Bergen St,40.685445,-73.99113100000001
Boerum Hill,Bergen St,40.686584,-73.990362
Boerum Hill,Bergen St,40.686727000000005,-73.990269
Brooklyn Heights,Borough Hall,40.692489,-73.99119300000001
Brooklyn Heights,Borough Hall,40.693569000000004,-73.990599
Brooklyn Heights,Borough Hall,40.693728,-73.99063000000001
Brooklyn Heights,Court St,40.694232,-73.99263499999999
Brooklyn Heights,Court St,40.694416,-73.99261899999999
Brooklyn Heights,Court St,40.694475,-73.99283
Brooklyn Heights,Clark St,40.697590000000005,-73.993275
Brooklyn Heights,Clark St,40.697649,-73.99306
Brooklyn Heights,High St,40.699405,-73.991413
Carroll Gardens,Carroll St,40.679299,-73.995698
Carroll Gardens,Carroll St,40.679344,-73.995288
Carroll Gardens,Carroll St,40.680806,-73.99435
Carroll Gardens,Carroll St,40.680944000000004,-73.994247
Carroll Gardens,Carroll St,40.681115000000005,-73.994434
Central Park,Cathedral Parkway-110th St,40.800002,-73.958448
Central Park,5th Av,40.764859,-73.973998
Central Park,5th Av,40.764934999999994,-73.974191
Central Park,5th Av,40.765156,-73.972501
Central Park,59th St,40.768648999999996,-73.981184
Chelsea,34th St,40.748746000000004,-73.98877399999999
Chelsea,34th St,40.74895,-73.988623
Chelsea,34th St,40.749615000000006,-73.988159
Chelsea,34th St,40.749845,-73.988254
Chelsea,14th St,40.740944,-74.001402
Chelsea,18th St,40.741015000000004,-73.99758
Chelsea,14th St,40.741046000000004,-74.001284
Chelsea,18th St,40.741081,-73.99810500000001
Chelsea,18th St,40.741206,-73.998035
Chelsea,14th St,40.741234999999996,-74.001715
Chelsea,18th St,40.741617,-73.997197
Chelsea,18th St,40.741783,-73.997557
Chelsea,23rd St,40.742922,-73.993066
Chelsea,23rd St,40.742977,-73.993188
Chelsea,23rd St,40.743066,-73.992971
Chelsea,23rd St,40.743121,-73.993099
Chelsea,23rd St,40.74391,-73.99560799999999
Chelsea,23rd St,40.744017,-73.995901
Chelsea,23rd St,40.74412,-73.99534799999999
Chelsea,23rd St,40.744313,-73.995811
Chelsea,23rd St,40.745102,-73.998365
Chelsea,23rd St,40.745278000000006,-73.99877099999999
Chelsea,23rd St,40.745298999999996,-73.998145
Chelsea,23rd St,40.745505,-73.998642
Chelsea,23rd St,40.745814,-73.99785200000001
Chelsea,23rd St,40.746109999999994,-73.998145
Chelsea,23rd St,40.746427000000004,-73.99735
Chelsea,23rd St,40.746483000000005,-73.99714200000001
Chelsea,23rd St,40.746534999999994,-73.997271
Chelsea,28th St,40.746594,-73.993555
Chelsea,23rd St,40.746603,-73.997801
Chelsea,23rd St,40.746732,-73.997711
Chelsea,28th St,40.746787,-73.993955
Chelsea,28th St,40.747036,-73.993138
Chelsea,28th St,40.747215999999995,-73.993121
Chelsea,28th St,40.747264,-73.993611
Chelsea,28th St,40.747392,-73.99351
Chelsea,34th St,40.749656,-73.99113
Chelsea,34th St,40.749790000000004,-73.991721
Chelsea,34th St,40.750077000000005,-73.99082
Chelsea,34th St,40.750283,-73.99065
Chelsea,34th St,40.750313,-73.990854
Chelsea,34th St,40.750476,-73.991254
Chelsea,34th St,40.750809999999994,-73.990481
Chelsea,34th St,40.750982,-73.990899
Chelsea,34th St,40.751046,-73.991271
Chelsea,34th St,40.751290999999995,-73.993887
Chelsea,34th St,40.751432,-73.993538
Chelsea,34th St,40.751539,-73.99418100000001
Chelsea,34th St,40.751560999999995,-73.99424300000001
Chelsea,34th St,40.751677,-73.994107
Chelsea,34th St,40.75202,-73.993352
Chelsea,34th St,40.752178,-73.993701
Chelsea,14th St,40.737286,-73.996437
Chelsea,14th St,40.737316,-73.99650799999999
Chelsea,14th St,40.737519,-73.99696999999999
Chelsea,14th St,40.737572,-73.997111
Chelsea,14th St,40.738529,-73.995685
Chelsea,14th St,40.738585,-73.99940500000001
Chelsea,14th St,40.738678,-73.995632
Chelsea,14th St,40.738718,-73.996121
Chelsea,14th St,40.738775,-73.999711
Chelsea,14th St,40.738838,-73.996023
Chelsea,14th St,40.739776,-74.002256
Chelsea,14th St,40.739948999999996,-74.002655
Chelsea,14th St,40.74041,-74.00175
Chelsea,14th St,40.740598,-74.002185
Chelsea,18th St,40.74092,-73.997698
Chelsea,14th St,40.740938,-74.001919
Chinatown,Canal St,40.717822999999996,-74.000326
Chinatown,Canal St,40.718154999999996,-74.00031700000001
Chinatown,Canal St,40.718196999999996,-74.000388
Chinatown,Canal St,40.718506,-74.000826
Chinatown,Canal St (UL),40.719165999999994,-74.001774
Chinatown,Canal St (UL),40.719218,-74.00185
Chinatown,East Broadway,40.714194,-73.990352
Civic Center,Brooklyn Bridge-City Hall,40.712333,-74.004387
Civic Center,Chambers St,40.712699,-74.004099
Civic Center,Brooklyn Bridge-City Hall,40.712723,-74.004971
Civic Center,Brooklyn Bridge-City Hall,40.712868,-74.004806
Civic Center,City Hall,40.71311,-74.00704499999999
Civic Center,City Hall,40.713437,-74.00676
Civic Center,City Hall,40.713521,-74.006697
Civic Center,Brooklyn Bridge-City Hall,40.713721,-74.003734
Civic Center,Brooklyn Bridge-City Hall,40.713721,-74.003734
Civic Center,Brooklyn Bridge-City Hall,40.713839,-74.00386400000001
Civic Center,Brooklyn Bridge-City Hall,40.713899,-74.003642
Civic Center,Chambers St,40.714199,-74.003187
Clinton Hill,Clinton & Washington Avs,40.682868,-73.96463
Clinton Hill,Clinton & Washington Avs,40.683172,-73.964689
Clinton Hill,Clinton & Washington Avs,40.683316999999995,-73.966741
Clinton Hill,Clinton & Washington Avs,40.683653,-73.966797
Clinton Hill,Clinton & Washington Avs,40.683695,-73.967069
Clinton Hill,Clinton-Washington Avs,40.687875,-73.96793100000001
Clinton Hill,Clinton-Washington Avs,40.688114,-73.967575
Clinton Hill,Clinton-Washington Avs,40.688114,-73.967575
Clinton Hill,Clinton-Washington Avs,40.688157000000004,-73.965579
Clinton Hill,Clinton-Washington Avs,40.688157000000004,-73.965579
Clinton Hill,Clinton-Washington Avs,40.68846,-73.965749
Clinton Hill,Clinton-Washington Avs,40.68846,-73.965749
Clinton Hill,Classon Av,40.688753000000005,-73.96019
Clinton Hill,Classon Av,40.688942,-73.960215
Clinton Hill,Clinton-Washington Avs,40.687875,-73.96793100000001
Cobble Hill,Bergen St,40.685579,-73.991465
Cobble Hill,Bergen St,40.686708,-73.990629
Cobble Hill,Bergen St,40.686868,-73.990526
Crown Heights,Kingston Av,40.669289,-73.942463
Crown Heights,Nostrand Av,40.669711,-73.95024699999999
Crown Heights,Nostrand Av,40.669740999999995,-73.95079799999999
Crown Heights,Franklin Av,40.670336999999996,-73.957973
Crown Heights,Franklin Av,40.670485,-73.957806
Crown Heights,Botanic Gardens,40.670588,-73.95909300000001
Crown Heights,Franklin Av,40.670732,-73.957696
Crown Heights,Franklin Av,40.670922,-73.957764
Crown Heights,Park Place,40.674516,-73.957932
Crown Heights,Park Place,40.675208000000005,-73.95759100000001
Crown Heights,President St,40.668145,-73.950458
Crown Heights,President St,40.668166,-73.950862
Crown Heights,Utica Av,40.6687,-73.931702
Crown Heights,Utica Av,40.668708,-73.931883
Crown Heights,Utica Av,40.668838,-73.934239
Crown Heights,Utica Av,40.668935,-73.931831
Crown Heights,Utica Av,40.66896,-73.931675
Crown Heights,Utica Av,40.668969,-73.931874
Crown Heights,Utica Av,40.669102,-73.934213
Crown Heights,Kingston Av,40.669261,-73.941948
Ditmars Steinway,Astoria Blvd-Hoyt Av,40.77087,-73.916935
Ditmars Steinway,Astoria Blvd-Hoyt Av,40.771009,-73.917167
Ditmars Steinway,Ditmars Blvd,40.774809999999995,-73.912151
Ditmars Steinway,Ditmars Blvd,40.774938,-73.912337
Ditmars Steinway,Ditmars Blvd,40.775025,-73.911891
Ditmars Steinway,Ditmars Blvd,40.775149,-73.912074
Downtown Brooklyn,Nevins St,40.688053000000004,-73.980506
Downtown Brooklyn,Nevins St,40.688235,-73.980639
Downtown Brooklyn,DeKalb Av,40.689809999999994,-73.981651
Downtown Brooklyn,Hoyt St,40.690025,-73.984248
Downtown Brooklyn,Hoyt St,40.690388,-73.985299
Downtown Brooklyn,Hoyt St,40.690433,-73.984323
Downtown Brooklyn,Hoyt St,40.690931,-73.98525
Downtown Brooklyn,Hoyt St,40.690971999999995,-73.985448
Downtown Brooklyn,DeKalb Av,40.69154,-73.98256500000001
Downtown Brooklyn,Jay St - Borough Hall,40.691559000000005,-73.987208
Downtown Brooklyn,Jay St - Borough Hall,40.6917,-73.987461
Downtown Brooklyn,Lawrence St,40.69198,-73.98519
Downtown Brooklyn,Lawrence St,40.692031,-73.985395
Downtown Brooklyn,Lawrence St,40.692052000000004,-73.986191
Downtown Brooklyn,Lawrence St,40.692114000000004,-73.98610699999999
Downtown Brooklyn,Lawrence St,40.692258,-73.986114
Downtown Brooklyn,Lawrence St,40.692315,-73.98517199999999
Downtown Brooklyn,Jay St - Borough Hall,40.692329,-73.987167
Downtown Brooklyn,Jay St - Borough Hall,40.692335,-73.98744599999999
Downtown Brooklyn,Jay St - Borough Hall,40.692336,-73.987494
Downtown Brooklyn,Lawrence St,40.692359,-73.986181
Downtown Brooklyn,Jay St - Borough Hall,40.692393,-73.987443
Downtown Brooklyn,Jay St - Borough Hall,40.692394,-73.987491
Downtown Brooklyn,Jay St - Borough Hall,40.692397,-73.987162
Downtown Brooklyn,Jay St - Borough Hall,40.693153,-73.987484
Downtown Brooklyn,Jay St - Borough Hall,40.693153,-73.987408
Downtown Brooklyn,Jay St - Borough Hall,40.693243,-73.987481
Downtown Brooklyn,Jay St - Borough Hall,40.693243,-73.987402
Downtown Brooklyn,Jay St - Borough Hall,40.693490999999995,-73.987089
Downtown Brooklyn,High St,40.699112,-73.98892
Downtown Brooklyn,High St,40.699212,-73.988274
Downtown Brooklyn,Borough Hall,40.692299,-73.990301
Downtown Brooklyn,Borough Hall,40.69234,-73.99056
Downtown Brooklyn,Borough Hall,40.692547999999995,-73.990099
Downtown Brooklyn,Borough Hall,40.692588,-73.990572
Downtown Brooklyn,Borough Hall,40.693594,-73.99030400000001
Downtown Brooklyn,Borough Hall,40.693838,-73.99011899999999
East Harlem,110th St,40.794682,-73.944319
East Harlem,110th St,40.794804,-73.944613
East Harlem,110th St,40.794810999999996,-73.94423499999999
East Harlem,110th St,40.794927,-73.944502
East Harlem,116th St,40.798404,-73.941647
East Harlem,116th St,40.798466,-73.94188199999999
East Harlem,116th St,40.798742,-73.941406
East Harlem,116th St,40.798852000000004,-73.9416
East Harlem,125th St,40.804164,-73.937444
East Harlem,125th St,40.804251,-73.937658
East Harlem,125th St,40.804407,-73.937234
East Harlem,125th St,40.804517,-73.937186
East Harlem,125th St,40.804596999999994,-73.9374
East Harlem,96th St,40.785903000000005,-73.950695
East Harlem,96th St,40.786055,-73.95105699999999
East Harlem,103rd St,40.790193,-73.947649
East Harlem,103rd St,40.790279,-73.947856
East Village,2nd Av,40.7232,-73.988863
East Village,1st Av,40.73105,-73.982625
East Village,1st Av,40.731118,-73.982563
East Village,3rd Av,40.732960999999996,-73.986657
East Village,3rd Av,40.733134,-73.987041
East Village,Astor Place,40.729968,-73.99141
East Village,Astor Place,40.730084000000005,-73.990838
East Village,8th St,40.730477,-73.992286
East Village,8th St,40.730578,-73.992216
East Village,14th St-Union Square,40.73418,-73.989549
East Village,14th St-Union Square,40.734221999999995,-73.989674
East Village,14th St-Union Square,40.734444,-73.990184
East Village,14th St-Union Square,40.734495,-73.990311
East Village,2nd Av,40.72395,-73.991298
Financial District,Rector St,40.707225,-74.01345400000001
Financial District,Wall St,40.707315,-74.01216099999999
Financial District,Wall St,40.707428,-74.012067
Financial District,Wall St,40.707431,-74.008778
Financial District,Wall St,40.707446000000004,-74.011848
Financial District,Rector St,40.707495,-74.013273
Financial District,Rector St,40.707564,-74.013853
Financial District,Wall St,40.707577,-74.01173100000001
Financial District,Wall St,40.707577,-74.011927
Financial District,Rector St,40.707646999999994,-74.012924
Financial District,Rector St,40.707659,-74.013166
Financial District,Wall St,40.707671000000005,-74.011854
Financial District,Rector St,40.707902000000004,-74.012774
Financial District,Rector St,40.70795,-74.012963
Financial District,Broad St,40.708027,-74.009814
Financial District,Rector St,40.708028000000006,-74.01269599999999
Financial District,Rector St,40.708083,-74.012863
Financial District,Rector St,40.708107,-74.01344499999999
Financial District,Rector St,40.708191,-74.013582
Financial District,Wall St,40.708436,-74.011298
Financial District,Fulton St,40.70863,-74.006999
Financial District,Fulton St,40.709046,-74.006814
Financial District,Fulton St,40.7092,-74.006664
Financial District,Fulton St,40.709376,-74.008375
Financial District,Fulton St,40.709475,-74.00640899999999
Financial District,Fulton St,40.709507,-74.00829499999999
Financial District,Fulton St,40.710106,-74.007648
Financial District,Fulton St,40.710165,-74.009182
Financial District,Fulton St,40.710166,-74.009424
Financial District,Cortlandt St,40.710201,-74.011198
Financial District,Fulton St,40.710211,-74.007584
Financial District,Fulton St,40.710240999999996,-74.008022
Financial District,Fulton St,40.710388,-74.007935
Financial District,Cortlandt St,40.710435,-74.011066
Financial District,Broadway-Nassau,40.710555,-74.00863199999999
Financial District,Broadway-Nassau,40.710692,-74.00842800000001
Financial District,Cortlandt St,40.710871000000004,-74.010767
Financial District,Fulton St,40.710944,-74.009403
Financial District,Fulton St,40.711026000000004,-74.00919
Financial District,Cortlandt St,40.711065000000005,-74.010644
Financial District,Fulton St,40.711112,-74.00938199999999
Financial District,World Trade Center,40.71171,-74.010204
Financial District,World Trade Center,40.711793,-74.010165
Financial District,Brooklyn Bridge-City Hall,40.711824,-74.005057
Financial District,Brooklyn Bridge-City Hall,40.711857,-74.005114
Financial District,South Ferry,40.701313,-74.013479
Financial District,Whitehall St,40.701938,-74.012588
Financial District,South Ferry,40.701961,-74.013397
Financial District,South Ferry,40.701961,-74.013397
Financial District,South Ferry,40.702033,-74.013149
Financial District,South Ferry,40.702033,-74.013149
Financial District,Whitehall St,40.702108,-74.012642
Financial District,Whitehall St,40.702108,-74.012642
Financial District,Whitehall St,40.704015000000005,-74.013284
Financial District,Whitehall St,40.704096,-74.013293
Financial District,Whitehall St,40.704114000000004,-74.013
Financial District,Bowling Green,40.704157,-74.01450899999999
Financial District,Bowling Green,40.704629,-74.013502
Financial District,Bowling Green,40.704659,-74.01392
Financial District,Bowling Green,40.704795000000004,-74.014454
Financial District,Bowling Green,40.704825,-74.014572
Financial District,Broad St,40.705746999999995,-74.011554
Financial District,Broad St,40.705961,-74.011229
Financial District,Broad St,40.706001,-74.01149699999999
Financial District,Broad St,40.706142,-74.011128
Financial District,Wall St,40.706272,-74.009447
Financial District,Rector St,40.706345,-74.014
Financial District,Wall St,40.706385,-74.009658
Financial District,Wall St,40.706392,-74.009332
Financial District,Broad St,40.706439,-74.011263
Financial District,Rector St,40.706493,-74.014319
Financial District,Wall St,40.706506,-74.00954399999999
Financial District,Rector St,40.706527,-74.01414399999999
Financial District,Rector St,40.706596999999995,-74.014115
Financial District,Wall St,40.706755,-74.008804
Financial District,Broad St,40.706887,-74.010687
Financial District,Broad St,40.706911,-74.010494
Financial District,Broad St,40.707117,-74.01082099999999
Financial District,Wall St,40.707190000000004,-74.011997
Flatiron District,23rd St,40.739477,-73.986562
Flatiron District,23rd St,40.739501000000004,-73.987134
Flatiron District,23rd St,40.739674,-73.98704000000001
Flatiron District,23rd St,40.739984,-73.986343
Flatiron District,23rd St,40.740008,-73.986233
Flatiron District,23rd St,40.740097,-73.98660100000001
Flatiron District,23rd St,40.74018,-73.986006
Flatiron District,23rd St,40.74018,-73.98661700000001
Flatiron District,23rd St,40.740419,-73.986452
Flatiron District,23rd St,40.740643,-73.98921700000001
Flatiron District,23rd St,40.74108,-73.989083
Flatiron District,23rd St,40.741111,-73.98892
Flatiron District,23rd St,40.741378000000005,-73.988895
Flatiron District,23rd St,40.741539,-73.988989
Flatiron District,23rd St,40.741913000000004,-73.989428
Flatiron District,23rd St,40.741208,-73.989639
Flatiron District,23rd St,40.742659,-73.992489
Flatiron District,23rd St,40.742715000000004,-73.99261700000001
Flatiron District,23rd St,40.742825,-73.99238299999999
Flatiron District,23rd St,40.74288,-73.992506
Flatiron District,23rd St,40.740758,-73.989632
Fort Greene,Atlantic Av-Barclays Ctr,40.684976,-73.97788
Fort Greene,Atlantic Av,40.685221999999996,-73.977628
Fort Greene,Lafayette Av,40.685559000000005,-73.9729
Fort Greene,Lafayette Av,40.6857,-73.973526
Fort Greene,Lafayette Av,40.685789,-73.97276
Fort Greene,Lafayette Av,40.685969,-73.973021
Fort Greene,Lafayette Av,40.686040999999996,-73.974278
Fort Greene,Lafayette Av,40.686077000000004,-73.97330799999999
Fort Greene,Lafayette Av,40.686119,-73.974517
Fort Greene,Lafayette Av,40.686409000000005,-73.974347
Fort Greene,Lafayette Av,40.686553,-73.97460600000001
Fort Greene,Fulton St,40.687159,-73.97629
Fort Greene,Fulton St,40.68716,-73.976865
Fort Greene,Nevins St,40.688085,-73.980243
Fort Greene,Nevins St,40.688243,-73.980356
Fort Greene,DeKalb Av,40.68974,-73.981156
Fort Greene,DeKalb Av,40.689803999999995,-73.981164
Fort Greene,DeKalb Av,40.689817,-73.981082
Fort Greene,DeKalb Av,40.691562,-73.98204799999999
Gowanus,4th Av,40.669953,-73.98944200000001
Gowanus,4th Av,40.67001,-73.989248
Gowanus,9th St,40.670538,-73.988778
Gowanus,Union St,40.677135,-73.983416
Gowanus,Union St,40.677279,-73.983327
Gowanus,Smith-9th St,40.674725,-73.997505
Gramercy,3rd Av,40.733121999999995,-73.986548
Gramercy,3rd Av,40.733277,-73.98693100000001
Gramercy,14th St-Union Square,40.734406,-73.989437
Gramercy,14th St-Union Square,40.735184000000004,-73.989793
Gramercy,Union Square,40.735278,-73.991058
Gramercy,Union Square,40.735310999999996,-73.99026500000001
Gramercy,Union Square,40.736339,-73.99060300000001
Gramercy,Union Square,40.736523,-73.990447
Greenpoint,Nassau Av,40.72365,-73.950929
Greenpoint,Nassau Av,40.723765,-73.95056600000001
Greenpoint,Nassau Av,40.72378,-73.950985
Greenpoint,Nassau Av,40.723894,-73.950665
Greenpoint,Nassau Av,40.725446000000005,-73.95197399999999
Greenpoint,Nassau Av,40.725573,-73.951603
Greenpoint,Greenpoint Av,40.73007,-73.95437700000001
Greenpoint,Greenpoint Av,40.730121999999994,-73.954049
Greenpoint,Greenpoint Av,40.730278000000006,-73.954488
Greenpoint,Greenpoint Av,40.732215999999994,-73.954784
Greenpoint,Greenpoint Av,40.732258,-73.954379
Greenwich Village,8th St,40.729778,-73.993262
Greenwich Village,8th St,40.730592,-73.99262
Greenwich Village,8th St,40.730641999999996,-73.992737
Greenwich Village,8th St,40.730715999999994,-73.992517
Greenwich Village,8th St,40.730773,-73.992641
Greenwich Village,West 4th St,40.731086,-74.001209
Greenwich Village,West 4th St,40.731091,-74.001127
Greenwich Village,West 4th St,40.733067,-73.999728
Greenwich Village,West 4th St,40.733259000000004,-73.999615
Greenwich Village,Union Square,40.734755,-73.99099100000001
Greenwich Village,Union Square,40.734859,-73.991235
Greenwich Village,6th Av,40.737149,-73.996578
Greenwich Village,6th Av,40.737196999999995,-73.99670400000001
Harlem,145th St,40.820343,-73.93650799999999
Harlem,145th St,40.820602,-73.93593299999999
Harlem,145th St,40.820662,-73.936275
Harlem,137th St-City College,40.821348,-73.954408
Harlem,137th St-City College,40.821391,-73.953906
Harlem,137th St-City College,40.821453999999996,-73.953856
Harlem,137th St-City College,40.821584,-73.954223
Harlem,145th St,40.823791,-73.944726
Harlem,145th St,40.823915,-73.945027
Harlem,145th St,40.824028000000006,-73.944409
Harlem,Harlem-148th St,40.824069,-73.936981
Harlem,145th St,40.824244,-73.94493100000001
Harlem,145th St,40.825581,-73.943444
Harlem,145th St,40.825621999999996,-73.94379599999999
Harlem,145th St,40.826199,-73.95039200000001
Harlem,145th St,40.826513,-73.950162
Harlem,145th St,40.826657,-73.95052
Harlem,155th St,40.830744,-73.941597
Harlem,155th St,40.830853999999995,-73.941638
Harlem,110th St-Central Park North,40.798497,-73.95267199999999
Harlem,110th St-Central Park North,40.799033,-73.952058
Harlem,Cathedral Parkway-110th St,40.800866,-73.958405
Harlem,116th St,40.801821999999994,-73.949651
Harlem,116th St,40.801945,-73.949943
Harlem,116th St,40.802111,-73.949437
Harlem,116th St,40.802229,-73.94973399999999
Harlem,116th St,40.804171999999994,-73.95513100000001
Harlem,116th St,40.804312,-73.95564300000001
Harlem,116th St,40.804428,-73.955024
Harlem,116th St,40.804639,-73.955559
Harlem,125th St,40.807548,-73.945463
Harlem,125th St,40.807681,-73.945752
Harlem,125th St,40.807875,-73.945229
Harlem,125th St,40.807995,-73.945524
Harlem,125th St,40.810526,-73.95258299999999
Harlem,125th St,40.810635999999995,-73.95288599999999
Harlem,125th St,40.810879,-73.952318
Harlem,125th St,40.811007000000004,-73.95261500000001
Harlem,125th St,40.811858,-73.951351
Harlem,125th St,40.81199,-73.95174499999999
Harlem,135th St,40.813896,-73.940831
Harlem,135th St,40.814023999999996,-73.941117
Harlem,135th St,40.814188,-73.940618
Harlem,135th St,40.814316,-73.94091
Harlem,135th St,40.816866999999995,-73.947953
Harlem,135th St,40.816891999999996,-73.947818
Harlem,135th St,40.817125,-73.948225
Harlem,135th St,40.817188,-73.947665
Harlem,135th St,40.818354,-73.947213
Harlem,135th St,40.818558,-73.94754300000001
Harlem,145th St,40.820161,-73.93625300000001
Hell's Kitchen,59th St,40.766416,-73.983301
Hell's Kitchen,59th St,40.766745,-73.983408
Hell's Kitchen,59th St,40.766944,-73.982941
Hell's Kitchen,42nd St,40.758567,-73.989053
Hell's Kitchen,42nd St,40.758685,-73.98899
Hell's Kitchen,50th St,40.761691,-73.986805
Hell's Kitchen,50th St,40.761741,-73.986924
Hell's Kitchen,50th St,40.761967999999996,-73.986662
Hell's Kitchen,50th St,40.761967999999996,-73.986662
Hell's Kitchen,50th St,40.762312,-73.986378
Hell's Kitchen,50th St,40.762312,-73.986378
Hell's Kitchen,50th St,40.762452,-73.986299
Hell's Kitchen,34th St,40.752427000000004,-73.993679
Hell's Kitchen,34th St,40.752877000000005,-73.99324399999999
Hell's Kitchen,34th St,40.753032,-73.993188
Hell's Kitchen,34th St,40.753053,-73.993256
Hell's Kitchen,42nd St,40.755989,-73.991049
Hell's Kitchen,42nd St,40.756101,-73.990887
Hell's Kitchen,42nd St,40.757463,-73.98998399999999
Hell's Kitchen,42nd St,40.757929,-73.989547
Long Island City,Broadway,40.76188,-73.925638
Long Island City,Vernon Blvd-Jackson Av,40.742351,-73.95272299999999
Long Island City,Hunters Point,40.742405,-73.94811
Long Island City,Hunters Point,40.742422,-73.948195
Long Island City,Vernon Blvd-Jackson Av,40.742432,-73.953156
Long Island City,Vernon Blvd-Jackson Av,40.742496,-73.95248199999999
Long Island City,Hunters Point,40.7425,-73.94860899999999
Long Island City,Vernon Blvd-Jackson Av,40.742588,-73.954252
Long Island City,Vernon Blvd-Jackson Av,40.742593,-73.95285
Long Island City,Vernon Blvd-Jackson Av,40.742653999999995,-73.95423199999999
Long Island City,Vernon Blvd-Jackson Av,40.742759,-73.95389300000001
Long Island City,Vernon Blvd-Jackson Av,40.742803,-73.95395500000001
Long Island City,21st St,40.744552,-73.948425
Long Island City,21st St,40.744625,-73.949117
Long Island City,21st St,40.744771,-73.948658
Long Island City,45 Rd-Court House Sq,40.74613,-73.945349
Long Island City,Long Island City-Court Square,40.746214,-73.945115
Long Island City,45 Rd-Court House Sq,40.746232,-73.94532199999999
Long Island City,Long Island City-Court Square,40.746243,-73.944011
Long Island City,45 Rd-Court House Sq,40.746308,-73.945713
Long Island City,Long Island City-Court Square,40.746869000000004,-73.943522
Long Island City,23rd St-Ely Av,40.747371,-73.944287
Long Island City,23rd St-Ely Av,40.747706,-73.944626
Long Island City,23rd St-Ely Av,40.747954,-73.94724000000001
Long Island City,23rd St-Ely Av,40.748195,-73.947163
Long Island City,Queens Plaza,40.748466,-73.938244
Long Island City,Queens Plaza,40.748697,-73.937364
Long Island City,Queens Plaza,40.748705,-73.93847099999999
Long Island City,Queens Plaza,40.748807,-73.937057
Long Island City,Queens Plaza,40.749086,-73.937896
Long Island City,Queens Plaza,40.749577,-73.936094
Long Island City,Queens Plaza,40.749857,-73.936198
Long Island City,Queensboro Plaza,40.750302000000005,-73.94024499999999
Long Island City,Queensboro Plaza,40.750834999999995,-73.93967099999999
Long Island City,36th St,40.751868,-73.930585
Long Island City,36th St,40.75193,-73.927141
Long Island City,36th St,40.752198,-73.929263
Long Island City,36th St,40.752232,-73.928775
Long Island City,36th St,40.752238,-73.927662
Long Island City,39 Av-Beebe Av,40.752491,-73.932936
Long Island City,39 Av-Beebe Av,40.752901,-73.932903
Long Island City,21st St,40.754069,-73.942132
Long Island City,21st St,40.754131,-73.942491
Long Island City,21st St,40.754195,-73.942521
Long Island City,21st St,40.754255,-73.941935
Long Island City,21st St,40.754321999999995,-73.942374
Long Island City,36 Av-Washington Av,40.756378999999995,-73.929766
Long Island City,36 Av-Washington Av,40.756478,-73.92999300000001
Long Island City,36 Av-Washington Av,40.756796,-73.92974
Lower East Side,Delancey St,40.718207,-73.98827299999999
Lower East Side,Delancey St,40.718371999999995,-73.988445
Lower East Side,Essex St,40.71841,-73.987181
Lower East Side,Essex St,40.718551,-73.98765
Lower East Side,Delancey St,40.718778,-73.987961
Lower East Side,Delancey St,40.718781,-73.988233
Lower East Side,2nd Av,40.722807,-73.98894200000001
Lower East Side,East Broadway,40.714403999999995,-73.989918
Lower East Side,Grand St,40.718154999999996,-73.993452
Lower East Side,Grand St,40.718191,-73.993577
Lower East Side,Grand St,40.718265,-73.993877
Lower East Side,Bowery,40.719977,-73.993576
Lower East Side,Bowery,40.720290999999996,-73.993411
Lower East Side,2nd Av,40.723665000000004,-73.991651
Lower East Side,East Broadway,40.712727,-73.990126
Lower East Side,East Broadway,40.713906,-73.990014
Midtown,57th St,40.764652000000005,-73.97711899999999
Midtown,57th St,40.765298,-73.98003299999999
Midtown,57th St,40.765365,-73.98034100000001
Midtown,57th St,40.765639,-73.979764
Midtown,57th St,40.765796,-73.980012
Midtown,59th St,40.766488,-73.982708
Midtown,59th St,40.766725,-73.982563
Midtown,59th St,40.767367,-73.982137
Midtown,59th St-Columbus Circle,40.767641999999995,-73.981235
Midtown,59th St-Columbus Circle,40.767654,-73.98142299999999
Midtown,Lexington Av-53rd St,40.757804,-73.971141
Midtown,47-50th Sts Rockefeller Center,40.757862,-73.981735
Midtown,47-50th Sts Rockefeller Center,40.757981,-73.98154
Midtown,Lexington Av-53rd St,40.75812,-73.970958
Midtown,Lexington Av-53rd St,40.758328999999996,-73.970567
Midtown,47-50th Sts Rockefeller Center,40.758486,-73.981158
Midtown,47-50th Sts Rockefeller Center,40.758615,-73.981095
Midtown,47-50th Sts Rockefeller Center,40.758996,-73.980788
Midtown,47-50th Sts Rockefeller Center,40.759301,-73.980594
Midtown,5th Av-53rd St,40.759555999999996,-73.974068
Midtown,5th Av-53rd St,40.759721,-73.97385799999999
Midtown,47-50th Sts Rockefeller Center,40.759953,-73.980117
Midtown,5th Av-53rd St,40.760267,-73.975638
Midtown,5th Av-53rd St,40.760373,-73.975562
Midtown,5th Av-53rd St,40.760422,-73.976146
Midtown,59th St,40.762069,-73.968016
Midtown,59th St,40.762266,-73.968479
Midtown,7th Av,40.762937,-73.981578
Midtown,7th Av,40.763388,-73.982495
Midtown,57th St,40.763391999999996,-73.977674
Midtown,57th St,40.763482,-73.977974
Midtown,57th St,40.763831,-73.97771800000001
Midtown,57th St,40.763874,-73.977358
Midtown,57th St,40.763998,-73.977264
Midtown,57th St,40.764057,-73.98080300000001
Midtown,57th St,40.764179,-73.980683
Midtown,57th St,40.764227000000005,-73.97743
Midtown,57th St,40.764258,-73.981278
Midtown,57th St,40.764377,-73.981167
Midtown,57th St,40.764564,-73.97683
Midtown,5th Av,40.764599,-73.974228
Midtown,34th St,40.748294,-73.987976
Midtown,34th St,40.748477,-73.988288
Midtown,34th St,40.749590000000005,-73.98761999999999
Midtown,34th St,40.749891,-73.987495
Midtown,34th St,40.750088,-73.98814200000001
Midtown,34th St,40.750271000000005,-73.987066
Midtown,34th St,40.750403999999996,-73.98698900000001
Midtown,34th St,40.750647,-73.987346
Midtown,34th St,40.750674,-73.988031
Midtown,34th St,40.75088,-73.988096
Midtown,Grand Central-42nd St,40.751345,-73.975409
Midtown,Grand Central-42nd St,40.751701000000004,-73.97608699999999
Midtown,Grand Central-42nd St,40.751801,-73.97529399999999
Midtown,Grand Central,40.752717,-73.978487
Midtown,Grand Central,40.752829999999996,-73.97891700000001
Midtown,Grand Central,40.752846000000005,-73.979798
Midtown,Grand Central,40.753087,-73.979537
Midtown,42nd St,40.753408,-73.984892
Midtown,5th Av,40.753409000000005,-73.98113000000001
Midtown,42nd St,40.753473,-73.985259
Midtown,42nd St,40.753546,-73.984779
Midtown,Times Square-42nd St,40.754172,-73.98668
Midtown,5th Av,40.754175,-73.982871
Midtown,5th Av,40.754213,-73.982984
Midtown,Times Square-42nd St,40.754335,-73.98709699999999
Midtown,Times Square,40.754568,-73.987827
Midtown,42nd St,40.754609,-73.98389399999999
Midtown,Times Square,40.754690999999994,-73.988067
Midtown,42nd St,40.754832,-73.983657
Midtown,51st St,40.756686,-73.97251
Midtown,51st St,40.756964,-73.971712
Midtown,51st St,40.756999,-73.97180300000001
Midtown,51st St,40.757059000000005,-73.97157
Midtown,51st St,40.757123,-73.972117
Midtown,51st St,40.757126,-73.971721
Midtown,51st St,40.757157,-73.972196
Midtown,51st St,40.757293,-73.97210799999999
Midtown,51st St,40.757298,-73.971939
Midtown,Lexington Av-53rd St,40.757475,-73.969255
Midtown,Lexington Av-53rd St,40.757684999999995,-73.969125
Midtown,Lexington Av-53rd St,40.757718,-73.969161
Midtown,Lexington Av-53rd St,40.757784,-73.971098
Midtown,47-50th Sts Rockefeller Center,40.757801,-73.981788
Midtown,28th St,40.743128000000006,-73.983806
Midtown,28th St,40.743167,-73.983896
Midtown,28th St,40.743257,-73.983738
Midtown,28th St,40.743303999999995,-73.983857
Midtown,28th St,40.743351000000004,-73.984302
Midtown,28th St,40.743394,-73.984409
Midtown,28th St,40.743484,-73.98428
Midtown,28th St,40.745089,-73.988472
Midtown,28th St,40.745281,-73.988923
Midtown,28th St,40.745298999999996,-73.988579
Midtown,28th St,40.745488,-73.98901
Midtown,33rd St,40.745585,-73.982198
Midtown,33rd St,40.745641,-73.98210300000001
Midtown,33rd St,40.745723,-73.98253100000001
Midtown,33rd St,40.745821,-73.982576
Midtown,33rd St,40.746241999999995,-73.9816
Midtown,33rd St,40.746263,-73.981663
Midtown,33rd St,40.746446999999996,-73.982147
Midtown,33rd St,40.74655,-73.981533
Midtown,33rd St,40.746632,-73.981882
Midtown,34th St,40.751020000000004,-73.990323
Midtown,34th St,40.751187,-73.990791
Midtown,34th St,40.752161,-73.99310899999999
Midtown,34th St,40.752689000000004,-73.992742
Midtown,34th St,40.752765999999994,-73.99259599999999
Midtown,34th St,40.752796000000004,-73.99266899999999
Midtown,42nd St,40.755801,-73.990576
Morningside Heights,Cathedral Parkway-110th St,40.804257,-73.966422
Morningside Heights,Cathedral Parkway-110th St,40.804390000000005,-73.966786
Morningside Heights,116th St-Columbia University,40.807534999999994,-73.964013
Morningside Heights,116th St-Columbia University,40.808099,-73.963603
Morningside Heights,116th St-Columbia University,40.808245,-73.963495
Morningside Heights,116th St-Columbia University,40.808251,-73.963955
Morningside Heights,116th St-Columbia University,40.8084,-73.96384499999999
Morningside Heights,125th St,40.815143,-73.958439
Morningside Heights,125th St,40.81523,-73.958366
Morningside Heights,125th St,40.815307000000004,-73.958826
Morningside Heights,125th St,40.815688,-73.958554
Murray Hill,Grand Central-42nd St,40.750851000000004,-73.975078
Murray Hill,Grand Central-42nd St,40.751352000000004,-73.976396
Murray Hill,Grand Central-42nd St,40.751647,-73.97738199999999
Murray Hill,Grand Central-42nd St,40.751653000000005,-73.977753
Murray Hill,Grand Central-42nd St,40.751721,-73.977197
Murray Hill,Grand Central-42nd St,40.751740999999996,-73.97769100000001
Murray Hill,Grand Central,40.752184,-73.978048
Murray Hill,Grand Central,40.752218,-73.97839599999999
Murray Hill,Grand Central,40.752278999999994,-73.97828
NoHo,8th St,40.729678,-73.993051
NoHo,Bleecker St,40.725137,-73.994938
NoHo,Broadway-Lafayette St,40.725344,-73.995612
NoHo,Broadway-Lafayette St,40.725499,-73.996387
NoHo,Bleecker St,40.725726,-73.994579
NoHo,Bleecker St,40.725755,-73.99436700000001
NoHo,Bleecker St,40.725845,-73.99432
NoHo,Bleecker St,40.725958,-73.99482900000001
NoHo,Bleecker St,40.726046999999994,-73.994759
Nolita,Spring St,40.722116,-73.996912
Nolita,Spring St,40.722235,-73.996818
Nolita,Bleecker St,40.724888,-73.99529100000001
Park Slope,7th Av,40.665834999999994,-73.979007
Park Slope,7th Av,40.665993,-73.97918100000001
Park Slope,7th Av,40.667004,-73.98133100000001
Park Slope,7th Av,40.667112,-73.981716
Park Slope,9th St,40.670387,-73.98848000000001
Park Slope,Grand Army Plaza,40.675142,-73.971216
Park Slope,Union St,40.677001000000004,-73.983133
Park Slope,Union St,40.677171,-73.98302
Park Slope,7th Av,40.677365,-73.972788
Park Slope,Bergen St,40.680709,-73.975241
Park Slope,Bergen St,40.680832,-73.975534
Park Slope,Bergen St,40.680951,-73.975448
Park Slope,Atlantic Av-Barclays Ctr,40.683805,-73.978487
Park Slope,Pacific St,40.683928,-73.978412
Prospect Heights,Eastern Parkway-Brooklyn Museum,40.672121999999995,-73.96415400000001
Prospect Heights,7th Av,40.677324,-73.972212
Prospect Heights,Bergen St,40.680695,-73.97474799999999
Prospect Heights,Bergen St,40.680911,-73.97496
Prospect Park,Eastern Parkway-Brooklyn Museum,40.671789000000004,-73.964301
Prospect Park,Prospect Park-15 St,40.660763,-73.978992
Prospect Park,Prospect Park-15 St,40.661287,-73.979395
Prospect Park,Grand Army Plaza,40.67495,-73.97099
Prospect Park,Grand Army Plaza,40.67511,-73.970822
Prospect Park,Grand Army Plaza,40.675286,-73.970825
Prospect-Lefferts Gardens,Parkside Av,40.655221000000004,-73.961516
Prospect-Lefferts Gardens,Winthrop St,40.656171,-73.950346
Prospect-Lefferts Gardens,Winthrop St,40.657184,-73.949976
Prospect-Lefferts Gardens,Prospect Park,40.660792,-73.962109
Prospect-Lefferts Gardens,Prospect Park,40.662482000000004,-73.962285
Prospect-Lefferts Gardens,Prospect Park,40.662727000000004,-73.962249
Prospect-Lefferts Gardens,Sterling St,40.663226,-73.95067
Prospect-Lefferts Gardens,Sterling St,40.66329,-73.951044
SoHo,Spring St,40.726208,-74.00399
SoHo,Houston St,40.727739,-74.005305
SoHo,Houston St,40.72784,-74.00568100000001
SoHo,Houston St,40.727983,-74.00565
SoHo,Houston St,40.727989,-74.005258
SoHo,Houston St,40.728472,-74.005188
SoHo,Houston St,40.728561,-74.00554
SoHo,Canal St,40.718303999999996,-74.000138
SoHo,Canal St,40.718358,-74.00021600000001
SoHo,Canal St,40.718589,-74.000552
SoHo,Canal St,40.718638,-74.000623
SoHo,Canal St (UL),40.719498,-74.00160600000001
SoHo,Canal St (UL),40.719584999999995,-74.00193
SoHo,Canal St (UL),40.71966,-74.00201899999999
SoHo,Canal St,40.721967,-74.005133
SoHo,Spring St,40.722390000000004,-73.997437
SoHo,Spring St,40.722468,-73.99739699999999
SoHo,Canal St,40.722497,-74.005994
SoHo,Canal St,40.722569,-74.00608000000001
SoHo,Canal St,40.722878,-74.006518
SoHo,Canal St,40.722932,-74.00662
SoHo,Prince St,40.724123999999996,-73.997686
SoHo,Prince St,40.72422,-73.997633
SoHo,Prince St,40.72426,-73.997957
SoHo,Prince St,40.724344,-73.997875
SoHo,Broadway-Lafayette St,40.724987,-73.995628
SoHo,Broadway-Lafayette St,40.725011,-73.995745
SoHo,Broadway-Lafayette St,40.725202,-73.996583
SoHo,Spring St,40.725583,-74.003747
SoHo,Spring St,40.725595,-74.004326
South Slope,Prospect Park-15 St,40.6614,-73.979762
South Slope,7th Av,40.665494,-73.97927800000001
South Slope,7th Av,40.665593,-73.979509
South Slope,7th Av,40.666649,-73.981624
South Slope,7th Av,40.666751,-73.981851
South Slope,Prospect Av,40.665299,-73.992729
Stuyvesant Town,1st Av,40.731396999999994,-73.982112
Stuyvesant Town,1st Av,40.731483000000004,-73.98214499999999
Sunset Park,45th St,40.649546,-74.009602
Sunset Park,36th St,40.654365000000006,-74.004113
Sunset Park,36th St,40.65449,-74.004499
Sunset Park,36th St,40.654676,-74.004306
Sunset Park,25th St,40.660323,-73.997952
Sunset Park,25th St,40.660489,-73.99821999999999
Sunset Park,Prospect Av,40.665058,-73.993002
Sunset Park,Prospect Av,40.665269,-73.993245
Sunset Park,8th Av,40.634552,-74.010726
Sunset Park,59th St,40.640501,-74.01853100000001
Sunset Park,59th St,40.640682,-74.018857
Sunset Park,59th St,40.641434999999994,-74.017561
Sunset Park,59th St,40.641606,-74.01789699999999
Sunset Park,59th St,40.641633,-74.017362
Sunset Park,59th St,40.641778,-74.01772199999999
Sunset Park,53rd St,40.644493,-74.01441899999999
Sunset Park,53rd St,40.644601,-74.014309
Sunset Park,53rd St,40.644653000000005,-74.01469
Sunset Park,53rd St,40.644756,-74.014586
Sunset Park,53rd St,40.645619,-74.013688
Sunset Park,45th St,40.649265,-74.009457
Sunset Park,45th St,40.649389,-74.009333
Sunset Park,45th St,40.649423999999996,-74.00972800000001
Theater District,47-50th Sts Rockefeller Center,40.758024,-73.982079
Theater District,42nd St,40.758401,-73.98867299999999
Theater District,47-50th Sts Rockefeller Center,40.758623,-73.981566
Theater District,47-50th Sts Rockefeller Center,40.758977,-73.981352
Theater District,49th St,40.759029999999996,-73.984412
Theater District,47-50th Sts Rockefeller Center,40.759105,-73.981252
Theater District,49th St,40.759384000000004,-73.984709
Theater District,47-50th Sts Rockefeller Center,40.759414,-73.98103499999999
Theater District,47-50th Sts Rockefeller Center,40.759434000000006,-73.981001
Theater District,49th St,40.759513,-73.984884
Theater District,47-50th Sts Rockefeller Center,40.759896000000005,-73.98070600000001
Theater District,47-50th Sts Rockefeller Center,40.760125,-73.980499
Theater District,49th St,40.760296999999994,-73.98356700000001
Theater District,49th St,40.760453999999996,-73.983388
Theater District,49th St,40.760486,-73.983974
Theater District,47-50th Sts Rockefeller Center,40.760502,-73.98021800000001
Theater District,49th St,40.760621,-73.98390400000001
Theater District,50th St,40.761111,-73.983436
Theater District,50th St,40.761212,-73.983357
Theater District,50th St,40.761282,-73.983853
Theater District,50th St,40.761367,-73.98378199999999
Theater District,50th St,40.761432,-73.98437
Theater District,50th St,40.761561,-73.984154
Theater District,50th St,40.762085,-73.98582900000001
Theater District,50th St,40.762215999999995,-73.98575699999999
Theater District,7th Av,40.762793,-73.98169
Theater District,50th St,40.7629,-73.985412
Theater District,7th Av,40.763141,-73.98266600000001
Theater District,42nd St,40.753709,-73.985084
Theater District,Times Square-42nd St,40.754301,-73.986623
Theater District,Times Square-42nd St,40.754507000000004,-73.98710799999999
Theater District,42nd St,40.754849,-73.984627
Theater District,42nd St,40.755008000000004,-73.984249
Theater District,Times Square,40.755247999999995,-73.987362
Theater District,42nd St,40.755333,-73.98393399999999
Theater District,Times Square,40.755334000000005,-73.9872
Theater District,Times Square,40.755554,-73.987679
Theater District,Times Square,40.755575,-73.986311
Theater District,Times Square,40.755747,-73.986875
Theater District,Times Square,40.756042,-73.98724200000001
Theater District,Times Square,40.756240999999996,-73.987133
Theater District,Times Square,40.756476,-73.986311
Theater District,42nd St,40.757286,-73.989582
Tribeca,Chambers St,40.714313,-74.008584
Tribeca,Chambers St,40.714539,-74.00842800000001
Tribeca,Chambers St,40.714777000000005,-74.007903
Tribeca,Chambers St,40.714873,-74.008162
Tribeca,Chambers St,40.714991999999995,-74.007739
Tribeca,Chambers St,40.715099,-74.007989
Tribeca,Chambers St,40.715348999999996,-74.009211
Tribeca,Chambers St,40.715444,-74.00945300000001
Tribeca,Chambers St,40.715539,-74.009427
Tribeca,Chambers St,40.715576,-74.00903100000001
Tribeca,Chambers St,40.715736,-74.009328
Tribeca,Franklin St,40.718965000000004,-74.007121
Tribeca,Franklin St,40.719001,-74.006675
Tribeca,Franklin St,40.719251,-74.007058
Tribeca,Canal St (UL),40.719408,-74.002158
Tribeca,Canal St (UL),40.71946,-74.002236
Tribeca,Canal St,40.71987,-74.005038
Tribeca,Franklin St,40.719888,-74.006925
Tribeca,Franklin St,40.719918,-74.00662
Tribeca,Canal St,40.720704,-74.004999
Tribeca,Canal St,40.720758000000004,-74.005399
Tribeca,Canal St,40.721651,-74.005634
Tribeca,World Trade Center,40.712258,-74.010306
Tribeca,World Trade Center,40.712680999999996,-74.00989100000001
Tribeca,Park Place,40.712711999999996,-74.007766
Tribeca,World Trade Center,40.713035999999995,-74.00924499999999
Tribeca,World Trade Center,40.713286,-74.009511
Tribeca,World Trade Center,40.713333,-74.009033
Tribeca,World Trade Center,40.713435,-74.009292
Tribeca,Chambers St,40.713753000000004,-74.009046
Tribeca,Chambers St,40.713949,-74.00896
Tribeca,Chambers St,40.7142,-74.00835699999999
Upper East Side,Lexington Av,40.761996,-73.966105
Upper East Side,Lexington Av,40.762091999999996,-73.96634
Upper East Side,Lexington Av,40.762254999999996,-73.965918
Upper East Side,Lexington Av,40.762353000000004,-73.966155
Upper East Side,59th St,40.76266,-73.967625
Upper East Side,59th St,40.762834999999995,-73.967554
Upper East Side,59th St,40.762986,-73.96785
Upper East Side,Lexington Av,40.764721,-73.96655200000001
Upper East Side,Lexington Av,40.764866,-73.966422
Upper East Side,Lexington Av,40.764874,-73.966431
Upper East Side,Lexington Av,40.764881,-73.966411
Upper East Side,Lexington Av,40.764884,-73.966514
Upper East Side,68th St-Hunter College,40.767703000000004,-73.96397900000001
Upper East Side,68th St-Hunter College,40.767817,-73.964355
Upper East Side,68th St-Hunter College,40.767863,-73.963898
Upper East Side,68th St-Hunter College,40.76787,-73.964244
Upper East Side,68th St-Hunter College,40.767981,-73.964178
Upper East Side,77th St,40.773493,-73.959659
Upper East Side,77th St,40.773526000000004,-73.959734
Upper East Side,77th St,40.773603,-73.95957800000001
Upper East Side,77th St,40.773631,-73.959659
Upper East Side,77th St,40.773635999999996,-73.96006
Upper East Side,77th St,40.773669,-73.960135
Upper East Side,77th St,40.773779,-73.95995400000001
Upper East Side,77th St,40.773779,-73.960041
Upper East Side,86th St,40.779284000000004,-73.955443
Upper East Side,86th St,40.77933,-73.955545
Upper East Side,86th St,40.779427,-73.95581
Upper East Side,86th St,40.779468,-73.955905
Upper East Side,86th St,40.779577,-73.955304
Upper East Side,86th St,40.779661,-73.955302
Upper East Side,86th St,40.779718,-73.95571899999999
Upper East Side,86th St,40.779720000000005,-73.955596
Upper East Side,96th St,40.78564,-73.95093
Upper East Side,96th St,40.785843,-73.95123199999999
Upper East Side,5th Av,40.764657,-73.972229
Upper East Side,5th Av,40.764728000000005,-73.972396
Upper East Side,5th Av,40.764849,-73.972306
Upper East Side,59th St,40.762414,-73.96837099999999
Upper East Side,59th St,40.762836,-73.96804
Upper West Side,103rd St,40.796263,-73.96161
Upper West Side,Cathedral Parkway-110th St,40.800002,-73.95888199999999
Upper West Side,Cathedral Parkway-110th St,40.803926000000004,-73.966647
Upper West Side,96th St,40.791641999999996,-73.965009
Upper West Side,96th St,40.792285,-73.964423
Upper West Side,96th St,40.792590999999994,-73.964316
Upper West Side,59th St,40.767643,-73.982563
Upper West Side,59th St,40.767659,-73.98254200000001
Upper West Side,59th St,40.767666999999996,-73.98240799999999
Upper West Side,59th St,40.767677,-73.98252600000001
Upper West Side,59th St,40.768719,-73.981788
Upper West Side,59th St-Columbus Circle,40.768777,-73.982106
Upper West Side,59th St-Columbus Circle,40.769227,-73.9824
Upper West Side,59th St-Columbus Circle,40.769365,-73.982392
Upper West Side,66th St-Lincoln Center,40.773457,-73.982004
Upper West Side,66th St-Lincoln Center,40.773536,-73.98200600000001
Upper West Side,66th St-Lincoln Center,40.773576,-73.982425
Upper West Side,66th St-Lincoln Center,40.773682,-73.982015
Upper West Side,66th St-Lincoln Center,40.773738,-73.982448
Upper West Side,66th St-Lincoln Center,40.773829,-73.982433
Upper West Side,72nd St,40.77494,-73.977144
Upper West Side,72nd St,40.776216999999995,-73.976247
Upper West Side,72nd St,40.776431,-73.975977
Upper West Side,72nd St,40.778437,-73.98194699999999
Upper West Side,72nd St,40.778585,-73.981923
Upper West Side,72nd St,40.778875,-73.981877
Upper West Side,72nd St,40.779146000000004,-73.981822
Upper West Side,81st St - Museum of Natural History,40.780319,-73.973179
Upper West Side,81st St - Museum of Natural History,40.780895,-73.972918
Upper West Side,81st St - Museum of Natural History,40.781976,-73.972027
Upper West Side,81st St - Museum of Natural History,40.782253999999995,-73.97174100000001
Upper West Side,79th St,40.78362,-73.97991
Upper West Side,79th St,40.783765,-73.980274
Upper West Side,79th St,40.783984999999994,-73.979662
Upper West Side,79th St,40.784065999999996,-73.980051
Upper West Side,86th St,40.785195,-73.969596
Upper West Side,86th St,40.785282,-73.969662
Upper West Side,86th St,40.78548,-73.96945799999999
Upper West Side,86th St,40.786115,-73.969011
Upper West Side,86th St,40.786769,-73.968448
Upper West Side,86th St,40.788073,-73.976288
Upper West Side,86th St,40.788272,-73.976083
Upper West Side,86th St,40.788349,-73.976935
Upper West Side,86th St,40.788515000000004,-73.976718
Upper West Side,86th St,40.78902,-73.97633
Upper West Side,96th St,40.792922999999995,-73.972824
Upper West Side,96th St,40.793065000000006,-73.97272199999999
Upper West Side,96th St,40.79307,-73.973174
Upper West Side,96th St,40.793209000000004,-73.973074
Upper West Side,96th St,40.794329,-73.972042
Upper West Side,96th St,40.794610999999996,-73.972053
Upper West Side,103rd St,40.799141999999996,-73.968314
Upper West Side,103rd St,40.799223,-73.968271
Upper West Side,103rd St,40.799282,-73.96867900000001
Upper West Side,103rd St,40.799409999999995,-73.968612
Upper West Side,103rd St,40.799584,-73.968091
Vinegar Hill,York St,40.70138,-73.986655
West Village,Houston St,40.728656,-74.005086
West Village,Houston St,40.728685999999996,-74.005517
West Village,West 4th St,40.731133,-74.00153399999999
West Village,West 4th St,40.733072,-74.000192
West Village,Christopher St,40.733402000000005,-74.002748
West Village,Christopher St,40.733467,-74.00307600000001
West Village,Christopher St,40.733515000000004,-74.003147
West Village,Christopher St,40.733634,-74.003123
West Village,Christopher St,40.733652,-74.003006
West Village,14th St,40.737196999999995,-74.0004
West Village,14th St,40.73737,-73.997079
West Village,14th St,40.737388,-74.000815
West Village,14th St,40.737423,-73.99722
West Village,14th St,40.737846000000005,-73.99993
West Village,14th St,40.738013,-74.00032900000001
West Village,14th St,40.738358000000005,-73.999656
West Village,14th St,40.738484,-73.999914
West Village,8th Av,40.73955,-74.00238900000001
West Village,8th Av,40.739734000000006,-74.002804
Williamsburg,Morgan Av,40.70621,-73.93196
Williamsburg,Morgan Av,40.706317,-73.931696
Williamsburg,Hewes St,40.707117,-73.95437
Williamsburg,Hewes St,40.707248,-73.954326
Williamsburg,Montrose Av,40.707723,-73.940044
Williamsburg,Montrose Av,40.707819,-73.939749
Williamsburg,Marcy Av,40.708271,-73.95774899999999
Williamsburg,Marcy Av,40.708293,-73.958044
Williamsburg,Marcy Av,40.708403000000004,-73.958124
Williamsburg,Marcy Av,40.708409,-73.957689
Williamsburg,Marcy Av,40.708529,-73.958048
Williamsburg,Marcy Av,40.708565,-73.957893
Williamsburg,Marcy Av,40.708681,-73.958927
Williamsburg,Marcy Av,40.708788,-73.958826
Williamsburg,Grand St,40.711791,-73.940742
Williamsburg,Grand St,40.711912,-73.940433
Williamsburg,Grand St,40.712016999999996,-73.940976
Williamsburg,Grand St,40.712182,-73.940668
Williamsburg,Metropolitan Av,40.713744,-73.95145500000001
Williamsburg,Metropolitan Av,40.713747,-73.951768
Williamsburg,Lorimer St,40.713908,-73.949262
Williamsburg,Metropolitan Av,40.713927000000005,-73.951737
Williamsburg,Metropolitan Av,40.71414,-73.95135
Williamsburg,Lorimer St,40.714209999999994,-73.949313
Williamsburg,Graham Av,40.714433,-73.944546
Williamsburg,Graham Av,40.714439,-73.94419
Williamsburg,Graham Av,40.714613,-73.94457
Williamsburg,Graham Av,40.714661,-73.944287
Williamsburg,Bedford Av,40.716888,-73.956367
Williamsburg,Bedford Av,40.716991,-73.956257
Williamsburg,Bedford Av,40.717714,-73.957695
Williamsburg,Bedford Av,40.717821,-73.95756800000001
Williamsburg,Flushing Av,40.699985,-73.949895
Williamsburg,Flushing Av,40.700720000000004,-73.941672
Williamsburg,Flushing Av,40.700846999999996,-73.94171
Williamsburg,Lorimer St,40.703321,-73.946613
Williamsburg,Lorimer St,40.703454,-73.946536
Williamsburg,Lorimer St,40.704279,-73.948324
Williamsburg,Lorimer St,40.704396,-73.948223
Williamsburg,Broadway,40.705114,-73.950062
Williamsburg,Broadway,40.705203999999995,-73.95031999999999
Williamsburg,Broadway,40.705490000000005,-73.950554
Williamsburg,Broadway,40.705495,-73.950089
Williamsburg,Morgan Av,40.706072999999996,-73.933633
